Handle,Title,Body (HTML),Vendor,Product Category,Type,Tags,Published,Option1 Name,Option1 Value,Option2 Name,Option2 Value,Option3 Name,Option3 Value,Variant SKU,Variant Grams,Variant Inventory Tracker,Variant Inventory Qty,Variant Inventory Policy,Variant Fulfillment Service,Variant Price,Variant Compare At Price,Variant Requires Shipping,Variant Taxable,Variant Barcode,Image Src,Image Position,Image Alt Text,Gift Card,SEO Title,SEO Description,Google Shopping / Google Product Category,Google Shopping / Gender,Google Shopping / Age Group,Google Shopping / MPN,Google Shopping / AdWords Grouping,Google Shopping / AdWords Labels,Google Shopping / Condition,Google Shopping / Custom Product,Google Shopping / Custom Label 0,Google Shopping / Custom Label 1,Google Shopping / Custom Label 2,Google Shopping / Custom Label 3,Google Shopping / Custom Label 4,Variant Image,Variant Weight Unit,Variant Tax Code,Cost per item,Status
hazel-3-seater-sofa,Hazel Fabric 3 Seater Sofa,"<p>A sophisticated, contemporary 3-seater sofa crafted in premium textured Chenille Bouclé upholstery with high-density 32D foam cushions and reinforced zig-zag springs.</p>",EKKAYI,Furniture > Sofas,Sofas,"Living Room, Sofa, Bouclé, 3 Seater, EKKAYI",true,Title,Default Title,,,EKKAYI-HZ-3S,65000,shopify,10,deny,manual,34900.00,49990.00,true,true,,https://images.unsplash.com/photo-1555041469-a586c61ea9bc?auto=format&fit=crop&w=1000&q=80,1,Hazel 3 Seater Sofa Main,false,Hazel 3 Seater Sofa | EKKAYI,Contemporary 3-seater sofa in Chenille Bouclé with ergonomic lumbar support.,,,,,,,new,false,,,,,,kg,,,active
hazel-2-seater-sofa,Hazel Fabric 2 Seater Loveseat,"<p>Compact luxury crafted for cozy corners and urban living spaces in textured Bouclé fabric with solid oak timber legs.</p>",EKKAYI,Furniture > Sofas,Sofas,"Living Room, Sofa, Loveseat, 2 Seater, EKKAYI",true,Title,Default Title,,,EKKAYI-HZ-2S,48000,shopify,12,deny,manual,27900.00,38990.00,true,true,,https://images.unsplash.com/photo-1586023492125-27b2c045efd7?auto=format&fit=crop&w=1000&q=80,1,Hazel 2 Seater Loveseat,false,Hazel 2 Seater Loveseat | EKKAYI,Compact 2-seater loveseat in soft Bouclé fabric and solid oak legs.,,,,,,,new,false,,,,,,kg,,,active
riga-3-seater-sofa,Riga Modern 3 Seater Sofa,"<p>Clean Scandinavian lines with subtle button-tufted backrest detailing and breathable, fade-resistant upholstery.</p>",EKKAYI,Furniture > Sofas,Sofas,"Living Room, Sofa, Scandinavian, 3 Seater, EKKAYI",true,Title,Default Title,,,EKKAYI-RG-3S,58000,shopify,8,deny,manual,29900.00,42990.00,true,true,,https://images.unsplash.com/photo-1493663284031-b7e3aefcae8e?auto=format&fit=crop&w=1000&q=80,1,Riga Modern 3 Seater Sofa,false,Riga Modern 3 Seater Sofa | EKKAYI,Scandinavian 3-seater sofa with tufted cushions and durable fabric.,,,,,,,new,false,,,,,,kg,,,active
lavista-sofa-bed,Lavista Multi-Functional Sofa Cum Bed,"<p>Multi-functional sofa cum bed that effortlessly transitions into a queen-size guest bed with built-in box storage.</p>",EKKAYI,Furniture > Sofas,Sofas,"Living Room, Sofa Bed, Multi-functional, Storage, EKKAYI",true,Title,Default Title,,,EKKAYI-LV-SB,75000,shopify,6,deny,manual,39900.00,59990.00,true,true,,https://images.unsplash.com/photo-1540574163026-643ea20ade25?auto=format&fit=crop&w=1000&q=80,1,Lavista Multi-Functional Sofa Bed,false,Lavista Sofa Bed | EKKAYI,3-seater convertible sofa bed with hydraulic lift storage.,,,,,,,new,false,,,,,,kg,,,active
liora-3-seater-electric-recliner,Liora 3 Seater Electric Recliner Sofa,"<p>Cinema-grade luxury motorized recliner with dual whisper-quiet mechanisms and integrated USB fast-charging ports.</p>",EKKAYI,Furniture > Recliners,Sofas,"Living Room, Recliner, Motorized, Suede, EKKAYI",true,Title,Default Title,,,EKKAYI-LR-3S,85000,shopify,5,deny,manual,74900.00,109990.00,true,true,,https://images.unsplash.com/photo-1583847268964-b28dc8f51f92?auto=format&fit=crop&w=1000&q=80,1,Liora 3 Seater Electric Recliner,false,Liora Electric Recliner 3S | EKKAYI,Dual motorized electric recliner sofa with velvet suede fabric.,,,,,,,new,false,,,,,,kg,,,active
liora-2-seater-recliner-console,Liora 2 Seater Home Theatre Recliner,"<p>Home theatre recliner featuring two independent reclining seats, central storage console, and dual brushed aluminum cup holders.</p>",EKKAYI,Furniture > Recliners,Sofas,"Living Room, Home Theatre, Console, Recliner, EKKAYI",true,Title,Default Title,,,EKKAYI-LR-2S,70000,shopify,7,deny,manual,59900.00,84990.00,true,true,,https://images.unsplash.com/photo-1567016432779-094069958ea5?auto=format&fit=crop&w=1000&q=80,1,Liora 2 Seater Console Recliner,false,Liora 2 Seater Home Theatre Recliner | EKKAYI,Luxury home theatre recliner with central storage console and cup holders.,,,,,,,new,false,,,,,,kg,,,active
aura-solid-teak-dining-table,Aura Monolithic Teak 8-Seater Dining Table,"<p>Architectural dining table sculpted from single-harvest plantation Grade-A Indian Teakwood with fluted monolithic pedestals and brass inlays.</p>",EKKAYI,Furniture > Tables > Dining Tables,Dining Tables,"Dining, Solid Wood, Teak, 8 Seater, Table, EKKAYI",true,Title,Default Title,,,EKKAYI-AR-DT,95000,shopify,4,deny,manual,85000.00,115000.00,true,true,,/images/products/monster3diningtable.webp,1,Aura Solid Teak Dining Table,false,Aura 8-Seater Teak Dining Table | EKKAYI,Grade-A Indian Teakwood monolithic dining table with fluted pillars.,,,,,,,new,false,,,,,,kg,,,active
kyoto-cane-dining-chairs,Kyoto Rattan & Teak Dining Chairs (Set of 2),"<p>Hand-woven natural rattan cane backrests paired with an ergonomically sculptured solid teakwood frame.</p>",EKKAYI,Furniture > Chairs > Dining Chairs,Dining Chairs,"Dining, Chairs, Rattan, Cane, Teak, EKKAYI",true,Title,Default Title,,,EKKAYI-KY-DC,14000,shopify,15,deny,manual,18500.00,24900.00,true,true,,/images/products/monster3diningchair.webp,1,Kyoto Rattan Dining Chairs Pair,false,Kyoto Rattan Dining Chairs | EKKAYI,Handcrafted rattan cane and solid teak dining chairs (Set of 2).,,,,,,,new,false,,,,,,kg,,,active
jina-sculptured-marble-dining-table,Jina Sculptured Travertine Dining Table,"<p>Magnificent sculptured dining table with fluted monolithic stone pedestals supporting an organic boat-shaped Italian travertine top.</p>",EKKAYI,Furniture > Tables > Dining Tables,Dining Tables,"Dining, Travertine, Marble, Italian Stone, EKKAYI",true,Title,Default Title,,,EKKAYI-JN-DT,180000,shopify,2,deny,manual,145000.00,185000.00,true,true,,/images/products/jina_dining.webp,1,Jina Travertine Dining Table,false,Jina Sculptured Travertine Dining Table | EKKAYI,Italian beige travertine monolithic 8-seater dining table.,,,,,,,new,false,,,,,,kg,,,active
terracotta-sculptural-coffee-table,Terracotta Clay Sculptural Center Table,"<p>Sculptural organic coffee table celebrating earthen warmth and geometric balance, hand-molded in high-fire natural terracotta clay.</p>",EKKAYI,Furniture > Tables > Accent Tables > Coffee Tables,Coffee Tables,"Living Room, Coffee Table, Terracotta, EKKAYI",true,Title,Default Title,,,EKKAYI-TC-CT,35000,shopify,8,deny,manual,28000.00,38000.00,true,true,,/images/products/jina_coffee.webp,1,Terracotta Center Table,false,Terracotta Sculptural Center Table | EKKAYI,Hand-molded terracotta clay circular coffee table.,,,,,,,new,false,,,,,,kg,,,active
travertine-minimalist-console,Travertine & Charred Oak Minimalist Console,"<p>Striking cantilevered foyer console table pairing charred black Japanese Shou Sugi Ban oak with porous Italian travertine stone.</p>",EKKAYI,Furniture > Tables > Accent Tables > Console Tables,Console Tables,"Foyer, Console, Travertine, Shou Sugi Ban, EKKAYI",true,Title,Default Title,,,EKKAYI-TR-CS,42000,shopify,5,deny,manual,42000.00,56000.00,true,true,,/images/products/monster1console.webp,1,Travertine & Charred Oak Console,false,Travertine & Charred Console | EKKAYI,Minimalist cantilevered travertine and charred oak console table.,,,,,,,new,false,,,,,,kg,,,active
sylvan-upholstered-king-bed,Sylvan Upholstered Platform Bed (King Size),"<p>Low-profile floating platform bed upholstered in soft textured Sand Bouclé with integrated warm under-bed LED channel lighting.</p>",EKKAYI,Furniture > Beds & Accessories > Beds & Bed Frames,Beds,"Bedroom, Bed, Platform Bed, Bouclé, King Size, EKKAYI",true,Title,Default Title,,,EKKAYI-SY-KB,90000,shopify,5,deny,manual,62000.00,89000.00,true,true,,https://images.unsplash.com/photo-1505693416388-ac5ce068fe85?auto=format&fit=crop&w=1000&q=80,1,Sylvan Upholstered King Bed,false,Sylvan Platform Bed King Size | EKKAYI,Floating platform bed in sand bouclé with circadian LED lighting.,,,,,,,new,false,,,,,,kg,,,active
charred-oak-fluted-nightstands,Charred Oak Fluted Bedside Tables (Set of 2),"<p>Set of 2 minimalist cylindrical bedside cabinets featuring fluted tambour wood detailing and soft-close Blum drawers.</p>",EKKAYI,Furniture > Tables > Nightstands,Nightstands,"Bedroom, Nightstand, Fluted, Oak, EKKAYI",true,Title,Default Title,,,EKKAYI-CO-NS,22000,shopify,10,deny,manual,16500.00,22000.00,true,true,,/images/products/yoda.webp,1,Charred Oak Nightstands Pair,false,Charred Oak Bedside Tables | EKKAYI,Set of 2 fluted tambour bedside nightstands with soft-close drawers.,,,,,,,new,false,,,,,,kg,,,active
earthy-sand-3-door-wardrobe,Kanso 3-Door Architectural Wardrobe,"<p>Floor-to-ceiling architectural wardrobe combining warm oak framework with acoustic sand linen door panels and automated interior sensor lighting.</p>",EKKAYI,Furniture > Cabinets & Storage > Wardrobes & Closets,Wardrobes,"Bedroom, Wardrobe, Storage, Oak, Linen, EKKAYI",true,Title,Default Title,,,EKKAYI-KS-WD,120000,shopify,3,deny,manual,78000.00,105000.00,true,true,,/images/products/monsformer.webp,1,Kanso 3-Door Wardrobe,false,Kanso 3-Door Architectural Wardrobe | EKKAYI,Minimalist oak and acoustic sand linen wardrobe with interior lighting.,,,,,,,new,false,,,,,,kg,,,active
monsformer-kinetic-bar-credenza,Monsformer Kinetic Credenza & Beverage Bar,"<p>Kinetic furniture concept that morphs smoothly between an understated living room credenza and an illuminated beverage bar with motorized pocket doors.</p>",EKKAYI,Furniture > Cabinets & Storage > Buffets & Sideboards,Credenzas,"Living Room, Credenza, Bar, Kinetic, EKKAYI",true,Title,Default Title,,,EKKAYI-MF-CR,110000,shopify,4,deny,manual,95000.00,135000.00,true,true,,/images/products/monsformer.webp,1,Monsformer Kinetic Credenza & Bar,false,Monsformer Kinetic Credenza | EKKAYI,Transformative kinetic credenza with motorized pocket doors.,,,,,,,new,false,,,,,,kg,,,active
kanso-open-architectural-bookcase,Kanso Open Architectural Bookcase,"<p>Geometric asymmetrical open-shelving system designed to transform book collections and art artifacts into a gallery-level installation.</p>",EKKAYI,Furniture > Shelving > Bookcases & Standing Shelves,Bookcases,"Living Room, Bookcase, Shelving, Charred Oak, EKKAYI",true,Title,Default Title,,,EKKAYI-KS-BC,55000,shopify,6,deny,manual,38000.00,52000.00,true,true,,/images/products/monster3lib.webp,1,Kanso Architectural Bookcase,false,Kanso Open Bookcase | EKKAYI,Asymmetrical Shou Sugi Ban charred wood open-shelving bookcase.,,,,,,,new,false,,,,,,kg,,,active
kyoto-solid-oak-accent-armchair,Kyoto Solid Oak & Bouclé Accent Armchair,"<p>Sculptural accent armchair featuring sweeping curved solid oak armrests and deep feather-filled bouclé cushions.</p>",EKKAYI,Furniture > Chairs > Armchairs,Accent Chairs,"Living Room, Armchair, Bouclé, Solid Oak, EKKAYI",true,Title,Default Title,,,EKKAYI-KY-AC,28000,shopify,9,deny,manual,22900.00,32000.00,true,true,,/images/products/gattochair.webp,1,Kyoto Solid Oak Accent Armchair,false,Kyoto Solid Oak Accent Armchair | EKKAYI,Curved oak accent armchair with deep bouclé cushions.,,,,,,,new,false,,,,,,kg,,,active
monolithic-charred-wood-bench,Monolithic Charred Wood & Leather Foyer Bench,"<p>Sculptural monolith blending charred natural timber with buttery artisanal leather upholstery for foyers and bedrooms.</p>",EKKAYI,Furniture > Benches,Benches,"Foyer, Bench, Shou Sugi Ban, Leather, EKKAYI",true,Title,Default Title,,,EKKAYI-MC-BN,36000,shopify,7,deny,manual,36000.00,48000.00,true,true,,/images/products/monster3bench.webp,1,Monolithic Charred Wood Foyer Bench,false,Monolithic Charred Wood Foyer Bench | EKKAYI,Shou Sugi Ban charred oak bench with artisan leather cushion.,,,,,,,new,false,,,,,,kg,,,active
taavdi-earthen-luminaire,Taavdi Earthen Terracotta Luminaire,"<p>Traditional Indian earthen craftsmanship re-imagined as a modernist architectural luminaire casting a warm meditative amber aura.</p>",EKKAYI,Lighting > Lamps,Luminaires,"Decor, Lighting, Terracotta, Luminaire, EKKAYI",true,Title,Default Title,,,EKKAYI-TV-LM,12000,shopify,20,deny,manual,14500.00,19500.00,true,true,,/images/products/taavdi.webp,1,Taavdi Terracotta Luminaire,false,Taavdi Terracotta Luminaire | EKKAYI,High-fire terracotta clay architectural luminaire with warm aura.,,,,,,,new,false,,,,,,kg,,,active
